Displayname,Alertname,TimeRaised,TimeStopped
PRI-SQL-01.SurreyCC.local,SQL 2012 DB Average Wait Time is too high,01/09/2017 06:32,01/09/2017 07:32
PRI-SQL-01.SurreyCC.local,SQL 2012 DB Average Wait Time is too high,01/09/2017 08:32,01/09/2017 09:17
PRI-SQL-01.SurreyCC.local,SQL 2012 DB Average Wait Time is too high,01/09/2017 17:32,01/09/2017 17:42
PRI-SQL-01.SurreyCC.local,SQL 2012 DB Average Wait Time is too high,01/09/2017 21:37,01/09/2017 22:32
PRI-SQL-01.SurreyCC.local,SQL 2012 DB Average Wait Time is too high,01/09/2017 23:37,02/09/2017 00:07
PRI-SQL-01.SurreyCC.local,SQL 2012 DB Average Wait Time is too high,02/09/2017 03:42,02/09/2017 04:07
PRI-SQL-01.SurreyCC.local,SQL 2012 DB Average Wait Time is too high,02/09/2017 05:47,02/09/2017 06:02
PRI-SQL-01.SurreyCC.local,SQL 2012 DB Average Wait Time is too high,02/09/2017 07:20,02/09/2017 07:50
PRI-SQL-01.SurreyCC.local,SQL 2012 DB Average Wait Time is too high,02/09/2017 09:20,02/09/2017 09:50
PRI-SQL-01.SurreyCC.local,SQL 2012 DB Average Wait Time is too high,02/09/2017 11:20,02/09/2017 12:00
PRI-SQL-01.SurreyCC.local,SQL 2012 DB Average Wait Time is too high,02/09/2017 13:25,02/09/2017 14:05
PRI-SQL-01.SurreyCC.local,SQL 2012 DB Average Wait Time is too high,02/09/2017 15:15,02/09/2017 15:50
PRI-SQL-01.SurreyCC.local,SQL 2012 DB Average Wait Time is too high,02/09/2017 17:20,02/09/2017 18:15
PRI-SQL-01.SurreyCC.local,SQL 2012 DB Average Wait Time is too high,02/09/2017 19:30,02/09/2017 20:25
PRI-SQL-01.SurreyCC.local,SQL 2012 DB Average Wait Time is too high,02/09/2017 21:30,02/09/2017 21:50
PRI-SQL-01.SurreyCC.local,SQL 2012 DB Average Wait Time is too high,02/09/2017 23:30,03/09/2017 00:10
PRI-SQL-01.SurreyCC.local,SQL 2012 DB Average Wait Time is too high,03/09/2017 01:45,03/09/2017 01:55
PRI-SQL-01.SurreyCC.local,SQL 2012 DB Average Wait Time is too high,03/09/2017 03:35,03/09/2017 04:10
PRI-SQL-01.SurreyCC.local,SQL 2012 DB Average Wait Time is too high,03/09/2017 05:35,03/09/2017 06:00
PRI-SQL-01.SurreyCC.local,SQL 2012 DB Average Wait Time is too high,03/09/2017 07:35,03/09/2017 08:30
PRI-SQL-01.SurreyCC.local,SQL 2012 DB Average Wait Time is too high,03/09/2017 09:40,03/09/2017 10:25
PRI-SQL-01.SurreyCC.local,SQL 2012 DB Average Wait Time is too high,03/09/2017 11:40,03/09/2017 12:05
PRI-SQL-01.SurreyCC.local,SQL 2012 DB Average Wait Time is too high,03/09/2017 13:45,03/09/2017 14:30
PRI-SQL-01.SurreyCC.local,SQL 2012 DB Average Wait Time is too high,03/09/2017 15:45,03/09/2017 16:05
PRI-SQL-01.SurreyCC.local,SQL 2012 DB Average Wait Time is too high,03/09/2017 17:45,03/09/2017 18:35
PRI-SQL-01.SurreyCC.local,SQL 2012 DB Average Wait Time is too high,03/09/2017 19:45,03/09/2017 20:15
PRI-SQL-01.SurreyCC.local,SQL 2012 DB Average Wait Time is too high,03/09/2017 21:50,03/09/2017 22:20
PRI-SQL-01.SurreyCC.local,SQL 2012 DB Average Wait Time is too high,03/09/2017 23:50,04/09/2017 00:10
PRI-SQL-01.SurreyCC.local,SQL 2012 DB Average Wait Time is too high,04/09/2017 01:50,04/09/2017 02:15
PRI-SQL-01.SurreyCC.local,SQL 2012 DB Average Wait Time is too high,04/09/2017 03:55,04/09/2017 04:10
PRI-SQL-01.SurreyCC.local,SQL 2012 DB Average Wait Time is too high,04/09/2017 05:55,04/09/2017 06:35
PRI-SQL-01.SurreyCC.local,SQL 2012 DB Average Wait Time is too high,04/09/2017 07:15,04/09/2017 07:20
PRI-SQL-01.SurreyCC.local,SQL 2012 DB Average Wait Time is too high,04/09/2017 10:20,04/09/2017 10:30
PRI-SQL-01.SurreyCC.local,SQL 2012 DB Average Wait Time is too high,04/09/2017 12:35,04/09/2017 13:15
PRI-SQL-01.SurreyCC.local,SQL 2012 DB Average Wait Time is too high,04/09/2017 14:00,04/09/2017 15:25
PRI-SQL-01.SurreyCC.local,SQL 2012 DB Average Wait Time is too high,04/09/2017 17:50,04/09/2017 18:20
PRI-SQL-01.SurreyCC.local,SQL 2012 DB Average Wait Time is too high,04/09/2017 20:10,04/09/2017 20:50
PRI-SQL-01.SurreyCC.local,SQL 2012 DB Average Wait Time is too high,04/09/2017 22:10,04/09/2017 22:50
PRI-SQL-01.SurreyCC.local,SQL 2012 DB Average Wait Time is too high,05/09/2017 02:10,05/09/2017 02:40
PRI-SQL-01.SurreyCC.local,SQL 2012 DB Average Wait Time is too high,05/09/2017 06:15,05/09/2017 06:35
PRI-SQL-01.SurreyCC.local,SQL 2012 DB Average Wait Time is too high,05/09/2017 07:20,05/09/2017 07:40
PRI-SQL-01.SurreyCC.local,SQL 2012 DB Average Wait Time is too high,05/09/2017 09:50,05/09/2017 10:30
PRI-SQL-01.SurreyCC.local,SQL 2012 DB Average Wait Time is too high,05/09/2017 12:15,05/09/2017 12:25
PRI-SQL-01.SurreyCC.local,SQL 2012 DB Average Wait Time is too high,05/09/2017 16:15,05/09/2017 16:35
PRI-SQL-01.SurreyCC.local,SQL 2012 DB Average Wait Time is too high,05/09/2017 18:20,05/09/2017 18:50
PRI-SQL-01.SurreyCC.local,SQL 2012 DB Average Wait Time is too high,05/09/2017 20:25,05/09/2017 20:50
PRI-SQL-01.SurreyCC.local,SQL 2012 DB Average Wait Time is too high,05/09/2017 22:25,05/09/2017 23:20
PRI-SQL-01.SurreyCC.local,SQL 2012 DB Average Wait Time is too high,06/09/2017 02:30,06/09/2017 02:50
PRI-SQL-01.SurreyCC.local,SQL 2012 DB Average Wait Time is too high,06/09/2017 06:30,06/09/2017 06:35
PRI-SQL-01.SurreyCC.local,SQL 2012 DB Average Wait Time is too high,06/09/2017 07:15,06/09/2017 08:25
PRI-SQL-01.SurreyCC.local,SQL 2012 DB Average Wait Time is too high,06/09/2017 10:30,06/09/2017 10:45
PRI-SQL-01.SurreyCC.local,SQL 2012 DB Average Wait Time is too high,06/09/2017 12:35,06/09/2017 13:10
PRI-SQL-01.SurreyCC.local,SQL 2012 DB Average Wait Time is too high,06/09/2017 14:35,06/09/2017 14:45
PRI-SQL-01.SurreyCC.local,SQL 2012 DB Average Wait Time is too high,06/09/2017 16:40,06/09/2017 17:00
PRI-SQL-01.SurreyCC.local,SQL 2012 DB Average Wait Time is too high,06/09/2017 18:50,06/09/2017 19:15
PRI-SQL-01.SurreyCC.local,SQL 2012 DB Average Wait Time is too high,06/09/2017 20:40,06/09/2017 21:10
PRI-SQL-01.SurreyCC.local,SQL 2012 DB Average Wait Time is too high,06/09/2017 22:45,06/09/2017 23:30
PRI-SQL-01.SurreyCC.local,SQL 2012 DB Average Wait Time is too high,07/09/2017 00:45,07/09/2017 01:15
PRI-SQL-01.SurreyCC.local,SQL 2012 DB Average Wait Time is too high,07/09/2017 02:45,07/09/2017 03:05
PRI-SQL-01.SurreyCC.local,SQL 2012 DB Average Wait Time is too high,07/09/2017 04:50,07/09/2017 05:05
PRI-SQL-01.SurreyCC.local,SQL 2012 DB Average Wait Time is too high,07/09/2017 06:45,07/09/2017 07:35
PRI-SQL-01.SurreyCC.local,SQL 2012 DB Average Wait Time is too high,07/09/2017 08:50,07/09/2017 09:00
PRI-SQL-01.SurreyCC.local,SQL 2012 DB Average Wait Time is too high,07/09/2017 10:45,07/09/2017 10:55
PRI-SQL-01.SurreyCC.local,SQL 2012 DB Average Wait Time is too high,07/09/2017 12:55,07/09/2017 13:25
PRI-SQL-01.SurreyCC.local,SQL 2012 DB Average Wait Time is too high,07/09/2017 14:55,07/09/2017 15:00
PRI-SQL-01.SurreyCC.local,SQL 2012 DB Average Wait Time is too high,07/09/2017 16:55,07/09/2017 18:00
PRI-SQL-01.SurreyCC.local,SQL 2012 DB Average Wait Time is too high,07/09/2017 19:00,07/09/2017 19:25
PRI-SQL-01.SurreyCC.local,SQL 2012 DB Average Wait Time is too high,07/09/2017 21:00,07/09/2017 21:45
PRI-SQL-01.SurreyCC.local,SQL 2012 DB Average Wait Time is too high,07/09/2017 23:00,07/09/2017 23:25
PRI-SQL-01.SurreyCC.local,SQL 2012 DB Average Wait Time is too high,08/09/2017 01:00,08/09/2017 01:15
PRI-SQL-01.SurreyCC.local,SQL 2012 DB Average Wait Time is too high,08/09/2017 03:05,08/09/2017 03:10
PRI-SQL-01.SurreyCC.local,SQL 2012 DB Average Wait Time is too high,08/09/2017 03:55,08/09/2017 04:00
PRI-SQL-01.SurreyCC.local,SQL 2012 DB Average Wait Time is too high,08/09/2017 07:05,08/09/2017 07:20
PRI-SQL-01.SurreyCC.local,SQL 2012 DB Average Wait Time is too high,08/09/2017 12:45,08/09/2017 13:05
PRI-SQL-01.SurreyCC.local,SQL 2012 DB Average Wait Time is too high,08/09/2017 14:50,08/09/2017 14:55
PRI-SQL-01.SurreyCC.local,SQL 2012 DB Average Wait Time is too high,08/09/2017 19:05,08/09/2017 19:25
PRI-SQL-01.SurreyCC.local,SQL 2012 DB Average Wait Time is too high,08/09/2017 21:15,08/09/2017 21:35
PRI-SQL-01.SurreyCC.local,SQL 2012 DB Average Wait Time is too high,08/09/2017 23:20,08/09/2017 23:25
PRI-SQL-01.SurreyCC.local,SQL 2012 DB Average Wait Time is too high,09/09/2017 03:50,09/09/2017 04:00
PRI-SQL-01.SurreyCC.local,SQL 2012 DB Average Wait Time is too high,09/09/2017 07:25,09/09/2017 07:45
PRI-SQL-01.SurreyCC.local,SQL 2012 DB Average Wait Time is too high,09/09/2017 09:25,09/09/2017 09:50
PRI-SQL-01.SurreyCC.local,SQL 2012 DB Average Wait Time is too high,09/09/2017 11:25,09/09/2017 11:50
PRI-SQL-01.SurreyCC.local,SQL 2012 DB Average Wait Time is too high,09/09/2017 13:25,09/09/2017 13:45
PRI-SQL-01.SurreyCC.local,SQL 2012 DB Average Wait Time is too high,09/09/2017 15:25,09/09/2017 15:40
PRI-SQL-01.SurreyCC.local,SQL 2012 DB Average Wait Time is too high,09/09/2017 17:30,09/09/2017 17:45
PRI-SQL-01.SurreyCC.local,SQL 2012 DB Average Wait Time is too high,09/09/2017 19:30,09/09/2017 19:45
PRI-SQL-01.SurreyCC.local,SQL 2012 DB Average Wait Time is too high,09/09/2017 21:35,09/09/2017 21:45
PRI-SQL-01.SurreyCC.local,SQL 2012 DB Average Wait Time is too high,10/09/2017 03:35,10/09/2017 04:10
PRI-SQL-01.SurreyCC.local,SQL 2012 DB Average Wait Time is too high,10/09/2017 05:35,10/09/2017 05:45
PRI-SQL-01.SurreyCC.local,SQL 2012 DB Average Wait Time is too high,10/09/2017 07:40,10/09/2017 08:15
PRI-SQL-01.SurreyCC.local,SQL 2012 DB Average Wait Time is too high,10/09/2017 09:45,10/09/2017 09:50
PRI-SQL-01.SurreyCC.local,SQL 2012 DB Average Wait Time is too high,10/09/2017 11:40,10/09/2017 11:55
PRI-SQL-01.SurreyCC.local,SQL 2012 DB Average Wait Time is too high,10/09/2017 13:45,10/09/2017 14:15
PRI-SQL-01.SurreyCC.local,SQL 2012 DB Average Wait Time is too high,10/09/2017 17:45,10/09/2017 18:05
PRI-SQL-01.SurreyCC.local,SQL 2012 DB Average Wait Time is too high,10/09/2017 19:50,10/09/2017 20:10
PRI-SQL-01.SurreyCC.local,SQL 2012 DB Average Wait Time is too high,10/09/2017 21:50,10/09/2017 22:10
PRI-SQL-01.SurreyCC.local,SQL 2012 DB Average Wait Time is too high,10/09/2017 23:55,11/09/2017 00:10
PRI-SQL-01.SurreyCC.local,SQL 2012 DB Average Wait Time is too high,11/09/2017 01:50,11/09/2017 02:05
PRI-SQL-01.SurreyCC.local,SQL 2012 DB Average Wait Time is too high,11/09/2017 03:55,11/09/2017 04:00
PRI-SQL-01.SurreyCC.local,SQL 2012 DB Average Wait Time is too high,11/09/2017 06:00,11/09/2017 06:35
PRI-SQL-01.SurreyCC.local,SQL 2012 DB Average Wait Time is too high,11/09/2017 07:55,11/09/2017 08:05
PRI-SQL-01.SurreyCC.local,SQL 2012 DB Average Wait Time is too high,11/09/2017 09:10,11/09/2017 09:15
PRI-SQL-01.SurreyCC.local,SQL 2012 DB Average Wait Time is too high,11/09/2017 09:50,11/09/2017 09:55
PRI-SQL-01.SurreyCC.local,SQL 2012 DB Average Wait Time is too high,11/09/2017 11:50,11/09/2017 12:00
PRI-SQL-01.SurreyCC.local,SQL 2012 DB Average Wait Time is too high,11/09/2017 20:30,11/09/2017 20:50
PRI-SQL-01.SurreyCC.local,SQL 2012 DB Average Wait Time is too high,11/09/2017 22:05,11/09/2017 22:10
PRI-SQL-01.SurreyCC.local,SQL 2012 DB Average Wait Time is too high,12/09/2017 00:05,12/09/2017 00:10
PRI-SQL-01.SurreyCC.local,SQL 2012 DB Average Wait Time is too high,12/09/2017 02:05,12/09/2017 02:40
PRI-SQL-01.SurreyCC.local,SQL 2012 DB Average Wait Time is too high,12/09/2017 03:55,12/09/2017 04:00
PRI-SQL-01.SurreyCC.local,SQL 2012 DB Average Wait Time is too high,12/09/2017 06:10,12/09/2017 06:50
PRI-SQL-01.SurreyCC.local,SQL 2012 DB Average Wait Time is too high,12/09/2017 10:05,12/09/2017 10:45
PRI-SQL-01.SurreyCC.local,SQL 2012 DB Average Wait Time is too high,12/09/2017 12:15,12/09/2017 12:35
PRI-SQL-01.SurreyCC.local,SQL 2012 DB Average Wait Time is too high,12/09/2017 18:15,12/09/2017 18:20
PRI-SQL-01.SurreyCC.local,SQL 2012 DB Average Wait Time is too high,12/09/2017 18:50,12/09/2017 18:55
PRI-SQL-01.SurreyCC.local,SQL 2012 DB Average Wait Time is too high,12/09/2017 20:20,12/09/2017 20:50
PRI-SQL-01.SurreyCC.local,SQL 2012 DB Average Wait Time is too high,12/09/2017 22:20,12/09/2017 22:45
PRI-SQL-01.SurreyCC.local,SQL 2012 DB Average Wait Time is too high,13/09/2017 02:25,13/09/2017 02:50
PRI-SQL-01.SurreyCC.local,SQL 2012 DB Average Wait Time is too high,13/09/2017 03:55,13/09/2017 04:00
PRI-SQL-01.SurreyCC.local,SQL 2012 DB Average Wait Time is too high,13/09/2017 06:25,13/09/2017 06:50
PRI-SQL-01.SurreyCC.local,SQL 2012 DB Average Wait Time is too high,13/09/2017 10:25,13/09/2017 10:40
PRI-SQL-01.SurreyCC.local,SQL 2012 DB Average Wait Time is too high,13/09/2017 16:35,13/09/2017 17:00
PRI-SQL-01.SurreyCC.local,SQL 2012 DB Average Wait Time is too high,13/09/2017 18:35,13/09/2017 18:50
PRI-SQL-01.SurreyCC.local,SQL 2012 DB Average Wait Time is too high,13/09/2017 20:40,13/09/2017 20:50
PRI-SQL-01.SurreyCC.local,SQL 2012 DB Average Wait Time is too high,13/09/2017 22:40,13/09/2017 23:05
PRI-SQL-01.SurreyCC.local,SQL 2012 DB Average Wait Time is too high,14/09/2017 00:40,14/09/2017 00:50
PRI-SQL-01.SurreyCC.local,SQL 2012 DB Average Wait Time is too high,14/09/2017 02:40,14/09/2017 02:55
PRI-SQL-01.SurreyCC.local,SQL 2012 DB Average Wait Time is too high,14/09/2017 03:50,14/09/2017 04:00
PRI-SQL-01.SurreyCC.local,SQL 2012 DB Average Wait Time is too high,14/09/2017 04:40,14/09/2017 04:50
PRI-SQL-01.SurreyCC.local,SQL 2012 DB Average Wait Time is too high,14/09/2017 06:45,14/09/2017 07:05
PRI-SQL-01.SurreyCC.local,SQL 2012 DB Average Wait Time is too high,14/09/2017 08:45,14/09/2017 08:55
PRI-SQL-01.SurreyCC.local,SQL 2012 DB Average Wait Time is too high,14/09/2017 10:45,14/09/2017 10:55
PRI-SQL-01.SurreyCC.local,SQL 2012 DB Average Wait Time is too high,14/09/2017 15:40,14/09/2017 15:45
PRI-SQL-01.SurreyCC.local,SQL 2012 DB Average Wait Time is too high,14/09/2017 16:50,14/09/2017 16:55
PRI-SQL-01.SurreyCC.local,SQL 2012 DB Average Wait Time is too high,14/09/2017 18:50,14/09/2017 19:25
PRI-SQL-01.SurreyCC.local,SQL 2012 DB Average Wait Time is too high,15/09/2017 02:15,15/09/2017 02:20
PRI-SQL-01.SurreyCC.local,SQL 2012 DB Average Wait Time is too high,15/09/2017 02:55,15/09/2017 03:05
PRI-SQL-01.SurreyCC.local,SQL 2012 DB Average Wait Time is too high,15/09/2017 07:00,15/09/2017 07:10
PRI-SQL-01.SurreyCC.local,SQL 2012 DB Average Wait Time is too high,15/09/2017 15:10,15/09/2017 15:15
PRI-SQL-01.SurreyCC.local,SQL 2012 DB Average Wait Time is too high,15/09/2017 17:10,15/09/2017 17:15
PRI-SQL-01.SurreyCC.local,SQL 2012 DB Average Wait Time is too high,15/09/2017 19:10,15/09/2017 19:30
PRI-SQL-01.SurreyCC.local,SQL 2012 DB Average Wait Time is too high,15/09/2017 21:15,15/09/2017 21:25
PRI-SQL-01.SurreyCC.local,SQL 2012 DB Average Wait Time is too high,15/09/2017 23:20,15/09/2017 23:25
PRI-SQL-01.SurreyCC.local,SQL 2012 DB Average Wait Time is too high,16/09/2017 01:10,16/09/2017 01:20
PRI-SQL-01.SurreyCC.local,SQL 2012 DB Average Wait Time is too high,16/09/2017 03:55,16/09/2017 04:00
PRI-SQL-01.SurreyCC.local,SQL 2012 DB Average Wait Time is too high,16/09/2017 07:20,16/09/2017 07:35
PRI-SQL-01.SurreyCC.local,SQL 2012 DB Average Wait Time is too high,16/09/2017 09:25,16/09/2017 09:35
PRI-SQL-01.SurreyCC.local,SQL 2012 DB Average Wait Time is too high,16/09/2017 11:20,16/09/2017 11:35
PRI-SQL-01.SurreyCC.local,SQL 2012 DB Average Wait Time is too high,16/09/2017 13:25,16/09/2017 13:45
PRI-SQL-01.SurreyCC.local,SQL 2012 DB Average Wait Time is too high,16/09/2017 15:25,16/09/2017 15:50
PRI-SQL-01.SurreyCC.local,SQL 2012 DB Average Wait Time is too high,16/09/2017 17:25,16/09/2017 17:35
PRI-SQL-01.SurreyCC.local,SQL 2012 DB Average Wait Time is too high,16/09/2017 19:30,16/09/2017 19:45
PRI-SQL-01.SurreyCC.local,SQL 2012 DB Average Wait Time is too high,16/09/2017 21:35,16/09/2017 21:50
PRI-SQL-01.SurreyCC.local,SQL 2012 DB Average Wait Time is too high,17/09/2017 05:35,17/09/2017 05:45
PRI-SQL-01.SurreyCC.local,SQL 2012 DB Average Wait Time is too high,17/09/2017 07:35,17/09/2017 07:50
PRI-SQL-01.SurreyCC.local,SQL 2012 DB Average Wait Time is too high,17/09/2017 09:35,17/09/2017 09:50
PRI-SQL-01.SurreyCC.local,SQL 2012 DB Average Wait Time is too high,17/09/2017 11:40,17/09/2017 11:45
PRI-SQL-01.SurreyCC.local,SQL 2012 DB Average Wait Time is too high,17/09/2017 13:40,17/09/2017 14:00
PRI-SQL-01.SurreyCC.local,SQL 2012 DB Average Wait Time is too high,17/09/2017 15:40,17/09/2017 15:50
PRI-SQL-01.SurreyCC.local,SQL 2012 DB Average Wait Time is too high,17/09/2017 17:45,17/09/2017 17:50
PRI-SQL-01.SurreyCC.local,SQL 2012 DB Average Wait Time is too high,17/09/2017 19:35,17/09/2017 19:50
PRI-SQL-01.SurreyCC.local,SQL 2012 DB Average Wait Time is too high,17/09/2017 21:45,17/09/2017 22:05
PRI-SQL-01.SurreyCC.local,SQL 2012 DB Average Wait Time is too high,18/09/2017 03:50,18/09/2017 04:10
PRI-SQL-01.SurreyCC.local,SQL 2012 DB Average Wait Time is too high,18/09/2017 05:50,18/09/2017 06:05
PRI-SQL-01.SurreyCC.local,SQL 2012 DB Average Wait Time is too high,18/09/2017 07:50,18/09/2017 07:55
PRI-SQL-01.SurreyCC.local,SQL 2012 DB Average Wait Time is too high,18/09/2017 09:40,18/09/2017 09:55
PRI-SQL-01.SurreyCC.local,SQL 2012 DB Average Wait Time is too high,18/09/2017 11:20,18/09/2017 12:05
PRI-SQL-01.SurreyCC.local,SQL 2012 DB Average Wait Time is too high,18/09/2017 13:10,18/09/2017 13:20
PRI-SQL-01.SurreyCC.local,SQL 2012 DB Average Wait Time is too high,18/09/2017 14:10,18/09/2017 15:05
PRI-SQL-01.SurreyCC.local,SQL 2012 DB Average Wait Time is too high,19/09/2017 10:00,19/09/2017 10:05
PRI-SQL-01.SurreyCC.local,SQL 2012 DB Average Wait Time is too high,19/09/2017 12:05,19/09/2017 13:00
PRI-SQL-01.SurreyCC.local,SQL 2012 DB Average Wait Time is too high,19/09/2017 14:00,19/09/2017 14:10
PRI-SQL-01.SurreyCC.local,SQL 2012 DB Average Wait Time is too high,19/09/2017 15:15,19/09/2017 15:20
PRI-SQL-01.SurreyCC.local,SQL 2012 DB Average Wait Time is too high,19/09/2017 16:05,19/09/2017 17:25
PRI-SQL-01.SurreyCC.local,SQL 2012 DB Average Wait Time is too high,19/09/2017 18:15,19/09/2017 23:20
PRI-SQL-01.SurreyCC.local,SQL 2012 DB Average Wait Time is too high,20/09/2017 08:15,20/09/2017 08:40
PRI-SQL-01.SurreyCC.local,SQL 2012 DB Average Wait Time is too high,20/09/2017 12:25,20/09/2017 12:35
PRI-SQL-01.SurreyCC.local,SQL 2012 DB Average Wait Time is too high,20/09/2017 16:35,20/09/2017 16:55
PRI-SQL-01.SurreyCC.local,SQL 2012 DB Average Wait Time is too high,20/09/2017 18:35,20/09/2017 18:50
PRI-SQL-01.SurreyCC.local,SQL 2012 DB Average Wait Time is too high,20/09/2017 20:35,20/09/2017 20:50
PRI-SQL-01.SurreyCC.local,SQL 2012 DB Average Wait Time is too high,20/09/2017 22:35,20/09/2017 22:50
PRI-SQL-01.SurreyCC.local,SQL 2012 DB Average Wait Time is too high,21/09/2017 02:45,21/09/2017 02:55
PRI-SQL-01.SurreyCC.local,SQL 2012 DB Average Wait Time is too high,21/09/2017 03:50,21/09/2017 04:00
PRI-SQL-01.SurreyCC.local,SQL 2012 DB Average Wait Time is too high,21/09/2017 04:45,21/09/2017 04:50
PRI-SQL-01.SurreyCC.local,SQL 2012 DB Average Wait Time is too high,21/09/2017 06:45,21/09/2017 06:50
PRI-SQL-01.SurreyCC.local,SQL 2012 DB Average Wait Time is too high,21/09/2017 10:40,21/09/2017 10:55
PRI-SQL-01.SurreyCC.local,SQL 2012 DB Average Wait Time is too high,21/09/2017 14:45,21/09/2017 14:50
PRI-SQL-01.SurreyCC.local,SQL 2012 DB Average Wait Time is too high,21/09/2017 18:55,21/09/2017 19:15
PRI-SQL-01.SurreyCC.local,SQL 2012 DB Average Wait Time is too high,21/09/2017 20:55,21/09/2017 21:05
PRI-SQL-01.SurreyCC.local,SQL 2012 DB Average Wait Time is too high,21/09/2017 22:55,21/09/2017 23:25
PRI-SQL-01.SurreyCC.local,SQL 2012 DB Average Wait Time is too high,22/09/2017 00:55,22/09/2017 01:00
PRI-SQL-01.SurreyCC.local,SQL 2012 DB Average Wait Time is too high,22/09/2017 03:00,22/09/2017 03:05
PRI-SQL-01.SurreyCC.local,SQL 2012 DB Average Wait Time is too high,22/09/2017 05:00,22/09/2017 05:05
PRI-SQL-01.SurreyCC.local,SQL 2012 DB Average Wait Time is too high,22/09/2017 07:05,22/09/2017 07:25
PRI-SQL-01.SurreyCC.local,SQL 2012 DB Average Wait Time is too high,22/09/2017 17:10,22/09/2017 17:15
PRI-SQL-01.SurreyCC.local,SQL 2012 DB Average Wait Time is too high,22/09/2017 19:10,22/09/2017 19:30
PRI-SQL-01.SurreyCC.local,SQL 2012 DB Average Wait Time is too high,22/09/2017 21:10,22/09/2017 21:30
PRI-SQL-01.SurreyCC.local,SQL 2012 DB Average Wait Time is too high,22/09/2017 23:15,22/09/2017 23:20
PRI-SQL-01.SurreyCC.local,SQL 2012 DB Average Wait Time is too high,23/09/2017 07:20,23/09/2017 07:35
PRI-SQL-01.SurreyCC.local,SQL 2012 DB Average Wait Time is too high,23/09/2017 09:20,23/09/2017 09:55
PRI-SQL-01.SurreyCC.local,SQL 2012 DB Average Wait Time is too high,23/09/2017 11:20,23/09/2017 11:50
PRI-SQL-01.SurreyCC.local,SQL 2012 DB Average Wait Time is too high,23/09/2017 13:20,23/09/2017 13:40
PRI-SQL-01.SurreyCC.local,SQL 2012 DB Average Wait Time is too high,23/09/2017 15:20,23/09/2017 15:50
PRI-SQL-01.SurreyCC.local,SQL 2012 DB Average Wait Time is too high,23/09/2017 17:25,23/09/2017 17:50
PRI-SQL-01.SurreyCC.local,SQL 2012 DB Average Wait Time is too high,23/09/2017 19:25,23/09/2017 19:50
PRI-SQL-01.SurreyCC.local,SQL 2012 DB Average Wait Time is too high,23/09/2017 21:25,23/09/2017 21:50
PRI-SQL-01.SurreyCC.local,SQL 2012 DB Average Wait Time is too high,24/09/2017 03:45,24/09/2017 04:00
PRI-SQL-01.SurreyCC.local,SQL 2012 DB Average Wait Time is too high,24/09/2017 07:30,24/09/2017 07:50
PRI-SQL-01.SurreyCC.local,SQL 2012 DB Average Wait Time is too high,24/09/2017 09:35,24/09/2017 09:50
PRI-SQL-01.SurreyCC.local,SQL 2012 DB Average Wait Time is too high,24/09/2017 11:35,24/09/2017 11:50
PRI-SQL-01.SurreyCC.local,SQL 2012 DB Average Wait Time is too high,24/09/2017 13:35,24/09/2017 13:55
PRI-SQL-01.SurreyCC.local,SQL 2012 DB Average Wait Time is too high,24/09/2017 15:40,24/09/2017 16:00
PRI-SQL-01.SurreyCC.local,SQL 2012 DB Average Wait Time is too high,24/09/2017 17:40,24/09/2017 17:55
PRI-SQL-01.SurreyCC.local,SQL 2012 DB Average Wait Time is too high,24/09/2017 19:40,24/09/2017 19:55
PRI-SQL-01.SurreyCC.local,SQL 2012 DB Average Wait Time is too high,24/09/2017 21:40,24/09/2017 22:00
PRI-SQL-01.SurreyCC.local,SQL 2012 DB Average Wait Time is too high,25/09/2017 00:40,25/09/2017 00:55
PRI-SQL-01.SurreyCC.local,SQL 2012 DB Average Wait Time is too high,25/09/2017 01:45,25/09/2017 01:50
PRI-SQL-01.SurreyCC.local,SQL 2012 DB Average Wait Time is too high,25/09/2017 03:45,25/09/2017 04:10
PRI-SQL-01.SurreyCC.local,SQL 2012 DB Average Wait Time is too high,25/09/2017 05:50,25/09/2017 06:10
PRI-SQL-01.SurreyCC.local,SQL 2012 DB Average Wait Time is too high,25/09/2017 09:40,25/09/2017 09:55
PRI-SQL-01.SurreyCC.local,SQL 2012 DB Average Wait Time is too high,25/09/2017 13:50,25/09/2017 15:45
PRI-SQL-01.SurreyCC.local,SQL 2012 DB Average Wait Time is too high,26/09/2017 08:25,26/09/2017 08:40
PRI-SQL-01.SurreyCC.local,SQL 2012 DB Average Wait Time is too high,26/09/2017 09:45,26/09/2017 10:35
PRI-SQL-01.SurreyCC.local,SQL 2012 DB Average Wait Time is too high,26/09/2017 12:00,26/09/2017 12:25
PRI-SQL-01.SurreyCC.local,SQL 2012 DB Average Wait Time is too high,26/09/2017 18:20,27/09/2017 03:05
PRI-SQL-01.SurreyCC.local,SQL 2012 DB Average Wait Time is too high,27/09/2017 03:55,27/09/2017 04:10
PRI-SQL-01.SurreyCC.local,SQL 2012 DB Average Wait Time is too high,27/09/2017 04:45,27/09/2017 05:05
PRI-SQL-01.SurreyCC.local,SQL 2012 DB Average Wait Time is too high,27/09/2017 06:05,27/09/2017 07:50
PRI-SQL-01.SurreyCC.local,SQL 2012 DB Average Wait Time is too high,27/09/2017 08:45,27/09/2017 09:35
PRI-SQL-01.SurreyCC.local,SQL 2012 DB Average Wait Time is too high,27/09/2017 12:35,27/09/2017 13:20
PRI-SQL-01.SurreyCC.local,SQL 2012 DB Average Wait Time is too high,27/09/2017 14:50,27/09/2017 15:25
PRI-SQL-01.SurreyCC.local,SQL 2012 DB Average Wait Time is too high,27/09/2017 16:50,27/09/2017 17:15
PRI-SQL-01.SurreyCC.local,SQL 2012 DB Average Wait Time is too high,27/09/2017 18:55,27/09/2017 19:25
PRI-SQL-01.SurreyCC.local,SQL 2012 DB Average Wait Time is too high,27/09/2017 20:55,27/09/2017 22:25
PRI-SQL-01.SurreyCC.local,SQL 2012 DB Average Wait Time is too high,27/09/2017 23:00,27/09/2017 23:20
PRI-SQL-01.SurreyCC.local,SQL 2012 DB Average Wait Time is too high,28/09/2017 00:10,28/09/2017 01:15
PRI-SQL-01.SurreyCC.local,SQL 2012 DB Average Wait Time is too high,28/09/2017 01:45,28/09/2017 03:05
PRI-SQL-01.SurreyCC.local,SQL 2012 DB Average Wait Time is too high,28/09/2017 03:55,28/09/2017 04:10
PRI-SQL-01.SurreyCC.local,SQL 2012 DB Average Wait Time is too high,28/09/2017 05:00,28/09/2017 05:05
PRI-SQL-01.SurreyCC.local,SQL 2012 DB Average Wait Time is too high,28/09/2017 06:05,28/09/2017 07:15
PRI-SQL-01.SurreyCC.local,SQL 2012 DB Average Wait Time is too high,28/09/2017 09:45,28/09/2017 09:50
PRI-SQL-01.SurreyCC.local,SQL 2012 DB Average Wait Time is too high,28/09/2017 10:20,28/09/2017 10:25
PRI-SQL-01.SurreyCC.local,SQL 2012 DB Average Wait Time is too high,28/09/2017 11:25,28/09/2017 11:30
PRI-SQL-01.SurreyCC.local,SQL 2012 DB Average Wait Time is too high,28/09/2017 13:05,28/09/2017 13:25
PRI-SQL-01.SurreyCC.local,SQL 2012 DB Average Wait Time is too high,28/09/2017 15:10,28/09/2017 15:15
PRI-SQL-01.SurreyCC.local,SQL 2012 DB Average Wait Time is too high,28/09/2017 19:10,28/09/2017 19:30
PRI-SQL-01.SurreyCC.local,SQL 2012 DB Average Wait Time is too high,28/09/2017 21:10,28/09/2017 21:20
PRI-SQL-01.SurreyCC.local,SQL 2012 DB Average Wait Time is too high,28/09/2017 23:15,28/09/2017 23:20
PRI-SQL-01.SurreyCC.local,SQL 2012 DB Average Wait Time is too high,29/09/2017 05:35,29/09/2017 09:25
PRI-SQL-01.SurreyCC.local,SQL 2012 DB Average Wait Time is too high,29/09/2017 21:25,29/09/2017 21:40
PRI-SQL-01.SurreyCC.local,SQL 2012 DB Average Wait Time is too high,29/09/2017 23:25,29/09/2017 23:30
PRI-SQL-01.SurreyCC.local,SQL 2012 DB Average Wait Time is too high,30/09/2017 05:35,30/09/2017 05:50
PRI-SQL-01.SurreyCC.local,SQL 2012 DB Average Wait Time is too high,30/09/2017 07:35,30/09/2017 08:00
PRI-SQL-01.SurreyCC.local,SQL 2012 DB Average Wait Time is too high,30/09/2017 10:49,30/09/2017 10:50
PRI-SQL-01.SurreyCC.local,SQL 2012 DB Average Wait Time is too high,30/09/2017 12:49,30/09/2017 13:19
PRI-SQL-01.SurreyCC.local,SQL 2012 DB Average Wait Time is too high,30/09/2017 16:54,30/09/2017 17:14
PRI-SQL-01.SurreyCC.local,SQL 2012 DB Average Wait Time is too high,30/09/2017 18:54,30/09/2017 19:19
PRI-SQL-01.SurreyCC.local,SQL 2012 DB Average Wait Time is too high,30/09/2017 20:54,30/09/2017 21:09
PRI-SQL-01.SurreyCC.local,SQL 2012 DB Average Wait Time is too high,30/09/2017 22:59,30/09/2017 23:09
PRI-SQL-02.SurreyCC.local,SQL 2012 DB Average Wait Time is too high,30/09/2017 09:46,30/09/2017 09:56
PRI-SQL-09.SurreyCC.local,SQL 2012 DB Average Wait Time is too high,20/09/2017 03:17,20/09/2017 03:47
PRI-SQL-09.SurreyCC.local,SQL 2012 DB Average Wait Time is too high,20/09/2017 06:22,20/09/2017 06:32
PRI-SQL-09.SurreyCC.local,SQL 2012 DB Average Wait Time is too high,20/09/2017 13:27,20/09/2017 13:42
PRI-SQL-09.SurreyCC.local,SQL 2012 DB Average Wait Time is too high,20/09/2017 22:02,20/09/2017 22:27
PRI-SQL-20.SurreyCC.local,SQL 2012 DB Average Wait Time is too high,04/09/2017 09:23,04/09/2017 09:43
PRI-SQL-20.SurreyCC.local,SQL 2012 DB Average Wait Time is too high,04/09/2017 10:13,04/09/2017 11:43
PRI-SQL-20.SurreyCC.local,SQL 2012 DB Average Wait Time is too high,04/09/2017 13:43,04/09/2017 14:43
PRI-SQL-20.SurreyCC.local,SQL 2012 DB Average Wait Time is too high,04/09/2017 15:58,04/09/2017 16:23
PRI-SQL-20.SurreyCC.local,SQL 2012 DB Average Wait Time is too high,05/09/2017 08:13,05/09/2017 09:18
PRI-SQL-20.SurreyCC.local,SQL 2012 DB Average Wait Time is too high,05/09/2017 09:48,05/09/2017 11:58
PRI-SQL-20.SurreyCC.local,SQL 2012 DB Average Wait Time is too high,05/09/2017 12:28,05/09/2017 12:43
PRI-SQL-20.SurreyCC.local,SQL 2012 DB Average Wait Time is too high,05/09/2017 13:13,05/09/2017 14:58
PRI-SQL-20.SurreyCC.local,SQL 2012 DB Average Wait Time is too high,06/09/2017 08:38,06/09/2017 08:43
PRI-SQL-20.SurreyCC.local,SQL 2012 DB Average Wait Time is too high,06/09/2017 09:13,06/09/2017 09:23
PRI-SQL-20.SurreyCC.local,SQL 2012 DB Average Wait Time is too high,06/09/2017 09:53,06/09/2017 10:23
PRI-SQL-20.SurreyCC.local,SQL 2012 DB Average Wait Time is too high,06/09/2017 11:03,06/09/2017 12:28
PRI-SQL-20.SurreyCC.local,SQL 2012 DB Average Wait Time is too high,06/09/2017 12:58,06/09/2017 14:08
PRI-SQL-20.SurreyCC.local,SQL 2012 DB Average Wait Time is too high,06/09/2017 14:48,06/09/2017 15:38
PRI-SQL-20.SurreyCC.local,SQL 2012 DB Average Wait Time is too high,07/09/2017 09:48,07/09/2017 10:03
PRI-SQL-20.SurreyCC.local,SQL 2012 DB Average Wait Time is too high,07/09/2017 10:33,07/09/2017 11:23
PRI-SQL-20.SurreyCC.local,SQL 2012 DB Average Wait Time is too high,07/09/2017 12:08,07/09/2017 12:13
PRI-SQL-20.SurreyCC.local,SQL 2012 DB Average Wait Time is too high,07/09/2017 12:43,07/09/2017 12:48
PRI-SQL-20.SurreyCC.local,SQL 2012 DB Average Wait Time is too high,07/09/2017 13:58,07/09/2017 14:53
PRI-SQL-20.SurreyCC.local,SQL 2012 DB Average Wait Time is too high,08/09/2017 08:48,08/09/2017 09:04
PRI-SQL-20.SurreyCC.local,SQL 2012 DB Average Wait Time is too high,08/09/2017 11:28,08/09/2017 12:23
PRI-SQL-20.SurreyCC.local,SQL 2012 DB Average Wait Time is too high,08/09/2017 12:53,08/09/2017 12:58
PRI-SQL-20.SurreyCC.local,SQL 2012 DB Average Wait Time is too high,08/09/2017 13:28,08/09/2017 13:33
PRI-SQL-20.SurreyCC.local,SQL 2012 DB Average Wait Time is too high,08/09/2017 14:03,08/09/2017 14:38
PRI-SQL-20.SurreyCC.local,SQL 2012 DB Average Wait Time is too high,08/09/2017 15:08,08/09/2017 15:33
PRI-SQL-20.SurreyCC.local,SQL 2012 DB Average Wait Time is too high,11/09/2017 09:28,11/09/2017 10:13
PRI-SQL-20.SurreyCC.local,SQL 2012 DB Average Wait Time is too high,11/09/2017 10:43,11/09/2017 13:08
PRI-SQL-20.SurreyCC.local,SQL 2012 DB Average Wait Time is too high,11/09/2017 13:58,11/09/2017 16:18
PRI-SQL-20.SurreyCC.local,SQL 2012 DB Average Wait Time is too high,12/09/2017 08:53,12/09/2017 09:38
PRI-SQL-20.SurreyCC.local,SQL 2012 DB Average Wait Time is too high,12/09/2017 10:08,12/09/2017 11:53
PRI-SQL-20.SurreyCC.local,SQL 2012 DB Average Wait Time is too high,12/09/2017 13:23,12/09/2017 14:43
PRI-SQL-20.SurreyCC.local,SQL 2012 DB Average Wait Time is too high,12/09/2017 15:13,12/09/2017 15:33
PRI-SQL-20.SurreyCC.local,SQL 2012 DB Average Wait Time is too high,13/09/2017 11:08,13/09/2017 11:43
PRI-SQL-20.SurreyCC.local,SQL 2012 DB Average Wait Time is too high,13/09/2017 13:18,13/09/2017 13:43
PRI-SQL-20.SurreyCC.local,SQL 2012 DB Average Wait Time is too high,13/09/2017 14:13,13/09/2017 15:38
PRI-SQL-20.SurreyCC.local,SQL 2012 DB Average Wait Time is too high,14/09/2017 08:53,14/09/2017 09:13
PRI-SQL-20.SurreyCC.local,SQL 2012 DB Average Wait Time is too high,14/09/2017 09:43,14/09/2017 11:03
PRI-SQL-20.SurreyCC.local,SQL 2012 DB Average Wait Time is too high,14/09/2017 11:33,14/09/2017 12:03
PRI-SQL-20.SurreyCC.local,SQL 2012 DB Average Wait Time is too high,14/09/2017 12:33,14/09/2017 12:53
PRI-SQL-20.SurreyCC.local,SQL 2012 DB Average Wait Time is too high,14/09/2017 13:23,14/09/2017 14:13
PRI-SQL-20.SurreyCC.local,SQL 2012 DB Average Wait Time is too high,14/09/2017 14:43,14/09/2017 15:58
PRI-SQL-20.SurreyCC.local,SQL 2012 DB Average Wait Time is too high,15/09/2017 09:23,15/09/2017 09:43
PRI-SQL-20.SurreyCC.local,SQL 2012 DB Average Wait Time is too high,15/09/2017 10:38,15/09/2017 11:08
PRI-SQL-20.SurreyCC.local,SQL 2012 DB Average Wait Time is too high,15/09/2017 12:53,15/09/2017 13:18
PRI-SQL-20.SurreyCC.local,SQL 2012 DB Average Wait Time is too high,18/09/2017 08:58,18/09/2017 11:28
PRI-SQL-20.SurreyCC.local,SQL 2012 DB Average Wait Time is too high,18/09/2017 11:58,18/09/2017 12:13
PRI-SQL-20.SurreyCC.local,SQL 2012 DB Average Wait Time is too high,18/09/2017 12:43,18/09/2017 13:18
PRI-SQL-20.SurreyCC.local,SQL 2012 DB Average Wait Time is too high,18/09/2017 13:48,18/09/2017 14:13
PRI-SQL-20.SurreyCC.local,SQL 2012 DB Average Wait Time is too high,18/09/2017 14:43,18/09/2017 15:23
PRI-SQL-20.SurreyCC.local,SQL 2012 DB Average Wait Time is too high,19/09/2017 08:43,19/09/2017 09:08
PRI-SQL-20.SurreyCC.local,SQL 2012 DB Average Wait Time is too high,19/09/2017 09:38,19/09/2017 09:58
PRI-SQL-20.SurreyCC.local,SQL 2012 DB Average Wait Time is too high,19/09/2017 10:28,19/09/2017 12:18
PRI-SQL-20.SurreyCC.local,SQL 2012 DB Average Wait Time is too high,19/09/2017 12:48,19/09/2017 13:38
PRI-SQL-20.SurreyCC.local,SQL 2012 DB Average Wait Time is too high,19/09/2017 14:08,19/09/2017 14:18
PRI-SQL-20.SurreyCC.local,SQL 2012 DB Average Wait Time is too high,19/09/2017 14:48,19/09/2017 15:53
PRI-SQL-20.SurreyCC.local,SQL 2012 DB Average Wait Time is too high,20/09/2017 08:13,20/09/2017 08:38
PRI-SQL-20.SurreyCC.local,SQL 2012 DB Average Wait Time is too high,20/09/2017 09:08,20/09/2017 09:23
PRI-SQL-20.SurreyCC.local,SQL 2012 DB Average Wait Time is too high,20/09/2017 09:53,20/09/2017 10:23
PRI-SQL-20.SurreyCC.local,SQL 2012 DB Average Wait Time is too high,20/09/2017 10:53,20/09/2017 11:38
PRI-SQL-20.SurreyCC.local,SQL 2012 DB Average Wait Time is too high,20/09/2017 12:53,20/09/2017 15:43
PRI-SQL-20.SurreyCC.local,SQL 2012 DB Average Wait Time is too high,21/09/2017 09:23,21/09/2017 16:23
PRI-SQL-20.SurreyCC.local,SQL 2012 DB Average Wait Time is too high,22/09/2017 08:38,22/09/2017 08:43
PRI-SQL-20.SurreyCC.local,SQL 2012 DB Average Wait Time is too high,22/09/2017 09:13,22/09/2017 09:38
PRI-SQL-20.SurreyCC.local,SQL 2012 DB Average Wait Time is too high,22/09/2017 11:23,22/09/2017 11:28
PRI-SQL-20.SurreyCC.local,SQL 2012 DB Average Wait Time is too high,22/09/2017 12:03,22/09/2017 13:53
PRI-SQL-20.SurreyCC.local,SQL 2012 DB Average Wait Time is too high,22/09/2017 14:23,22/09/2017 14:48
PRI-SQL-20.SurreyCC.local,SQL 2012 DB Average Wait Time is too high,22/09/2017 15:38,22/09/2017 15:48
PRI-SQL-20.SurreyCC.local,SQL 2012 DB Average Wait Time is too high,25/09/2017 08:53,25/09/2017 09:03
PRI-SQL-20.SurreyCC.local,SQL 2012 DB Average Wait Time is too high,25/09/2017 11:13,25/09/2017 11:23
PRI-SQL-20.SurreyCC.local,SQL 2012 DB Average Wait Time is too high,25/09/2017 12:33,25/09/2017 12:48
PRI-SQL-20.SurreyCC.local,SQL 2012 DB Average Wait Time is too high,25/09/2017 13:18,25/09/2017 13:48
PRI-SQL-20.SurreyCC.local,SQL 2012 DB Average Wait Time is too high,25/09/2017 14:18,25/09/2017 14:28
PRI-SQL-20.SurreyCC.local,SQL 2012 DB Average Wait Time is too high,25/09/2017 14:58,25/09/2017 15:33
PRI-SQL-20.SurreyCC.local,SQL 2012 DB Average Wait Time is too high,25/09/2017 16:03,25/09/2017 16:08
PRI-SQL-20.SurreyCC.local,SQL 2012 DB Average Wait Time is too high,26/09/2017 08:58,26/09/2017 09:33
PRI-SQL-20.SurreyCC.local,SQL 2012 DB Average Wait Time is too high,26/09/2017 10:03,26/09/2017 10:28
PRI-SQL-20.SurreyCC.local,SQL 2012 DB Average Wait Time is too high,26/09/2017 10:58,26/09/2017 11:28
PRI-SQL-20.SurreyCC.local,SQL 2012 DB Average Wait Time is too high,26/09/2017 13:03,26/09/2017 14:48
PRI-SQL-20.SurreyCC.local,SQL 2012 DB Average Wait Time is too high,26/09/2017 15:23,26/09/2017 15:38
PRI-SQL-20.SurreyCC.local,SQL 2012 DB Average Wait Time is too high,27/09/2017 07:47,27/09/2017 08:08
PRI-SQL-20.SurreyCC.local,SQL 2012 DB Average Wait Time is too high,27/09/2017 08:12,27/09/2017 09:12
PRI-SQL-20.SurreyCC.local,SQL 2012 DB Average Wait Time is too high,27/09/2017 10:07,27/09/2017 10:37
PRI-SQL-20.SurreyCC.local,SQL 2012 DB Average Wait Time is too high,27/09/2017 11:07,27/09/2017 11:52
PRI-SQL-20.SurreyCC.local,SQL 2012 DB Average Wait Time is too high,27/09/2017 12:42,27/09/2017 12:57
PRI-SQL-20.SurreyCC.local,SQL 2012 DB Average Wait Time is too high,27/09/2017 14:12,27/09/2017 15:17
PRI-SQL-20.SurreyCC.local,SQL 2012 DB Average Wait Time is too high,28/09/2017 08:07,28/09/2017 08:12
PRI-SQL-20.SurreyCC.local,SQL 2012 DB Average Wait Time is too high,28/09/2017 08:42,28/09/2017 09:17
PRI-SQL-20.SurreyCC.local,SQL 2012 DB Average Wait Time is too high,28/09/2017 09:47,28/09/2017 15:42
PRI-SQL-20.SurreyCC.local,SQL 2012 DB Average Wait Time is too high,29/09/2017 08:47,29/09/2017 11:29
PRI-SQL-20.SurreyCC.local,SQL 2012 DB Average Wait Time is too high,29/09/2017 11:32,29/09/2017 11:47
PRI-SQL-20.SurreyCC.local,SQL 2012 DB Average Wait Time is too high,29/09/2017 12:17,29/09/2017 12:22
PRI-SQL-20.SurreyCC.local,SQL 2012 DB Average Wait Time is too high,29/09/2017 13:07,29/09/2017 14:02
PRI-SQL-20.SurreyCC.local,SQL 2012 DB Average Wait Time is too high,29/09/2017 14:32,29/09/2017 14:57
PRI-SQL-20.SurreyCC.local,SQL 2012 DB Average Wait Time is too high,29/09/2017 15:32,29/09/2017 16:17
PRI-SQL-21.SurreyCC.local,SQL 2012 DB Average Wait Time is too high,01/09/2017 08:27,01/09/2017 08:47
PRI-SQL-21.SurreyCC.local,SQL 2012 DB Average Wait Time is too high,01/09/2017 09:17,01/09/2017 10:12
PRI-SQL-21.SurreyCC.local,SQL 2012 DB Average Wait Time is too high,01/09/2017 10:47,01/09/2017 10:52
PRI-SQL-21.SurreyCC.local,SQL 2012 DB Average Wait Time is too high,01/09/2017 14:02,01/09/2017 14:12
PRI-SQL-21.SurreyCC.local,SQL 2012 DB Average Wait Time is too high,01/09/2017 14:42,01/09/2017 15:02
PRI-SQL-21.SurreyCC.local,SQL 2012 DB Average Wait Time is too high,01/09/2017 15:42,01/09/2017 15:47
PRI-SQL-24.SurreyCC.local,SQL 2012 DB Average Wait Time is too high,01/09/2017 08:31,01/09/2017 09:16
PRI-SQL-24.SurreyCC.local,SQL 2012 DB Average Wait Time is too high,03/09/2017 01:01,03/09/2017 01:26
PRI-SQL-24.SurreyCC.local,SQL 2012 DB Average Wait Time is too high,03/09/2017 14:06,03/09/2017 15:51
PRI-SQL-24.SurreyCC.local,SQL 2012 DB Average Wait Time is too high,04/09/2017 03:56,04/09/2017 04:01
PRI-SQL-24.SurreyCC.local,SQL 2012 DB Average Wait Time is too high,04/09/2017 12:31,04/09/2017 12:36
PRI-SQL-24.SurreyCC.local,SQL 2012 DB Average Wait Time is too high,04/09/2017 22:01,04/09/2017 22:11
PRI-SQL-24.SurreyCC.local,SQL 2012 DB Average Wait Time is too high,05/09/2017 06:16,05/09/2017 06:26
PRI-SQL-24.SurreyCC.local,SQL 2012 DB Average Wait Time is too high,05/09/2017 14:41,05/09/2017 14:46
PRI-SQL-24.SurreyCC.local,SQL 2012 DB Average Wait Time is too high,05/09/2017 19:01,05/09/2017 20:31
PRI-SQL-24.SurreyCC.local,SQL 2012 DB Average Wait Time is too high,06/09/2017 00:36,06/09/2017 00:41
PRI-SQL-24.SurreyCC.local,SQL 2012 DB Average Wait Time is too high,06/09/2017 14:21,06/09/2017 17:41
PRI-SQL-24.SurreyCC.local,SQL 2012 DB Average Wait Time is too high,07/09/2017 01:46,07/09/2017 02:06
PRI-SQL-24.SurreyCC.local,SQL 2012 DB Average Wait Time is too high,07/09/2017 08:31,07/09/2017 08:36
PRI-SQL-24.SurreyCC.local,SQL 2012 DB Average Wait Time is too high,07/09/2017 10:01,07/09/2017 11:36
PRI-SQL-24.SurreyCC.local,SQL 2012 DB Average Wait Time is too high,08/09/2017 04:36,08/09/2017 04:51
PRI-SQL-24.SurreyCC.local,SQL 2012 DB Average Wait Time is too high,09/09/2017 08:31,09/09/2017 08:41
PRI-SQL-24.SurreyCC.local,SQL 2012 DB Average Wait Time is too high,10/09/2017 05:36,10/09/2017 07:26
PRI-SQL-24.SurreyCC.local,SQL 2012 DB Average Wait Time is too high,11/09/2017 12:06,11/09/2017 12:26
PRI-SQL-24.SurreyCC.local,SQL 2012 DB Average Wait Time is too high,11/09/2017 13:41,11/09/2017 14:41
PRI-SQL-24.SurreyCC.local,SQL 2012 DB Average Wait Time is too high,11/09/2017 16:31,11/09/2017 17:11
PRI-SQL-24.SurreyCC.local,SQL 2012 DB Average Wait Time is too high,11/09/2017 18:46,11/09/2017 19:36
PRI-SQL-24.SurreyCC.local,SQL 2012 DB Average Wait Time is too high,11/09/2017 21:26,11/09/2017 22:46
PRI-SQL-24.SurreyCC.local,SQL 2012 DB Average Wait Time is too high,11/09/2017 23:31,11/09/2017 23:56
PRI-SQL-24.SurreyCC.local,SQL 2012 DB Average Wait Time is too high,12/09/2017 03:01,12/09/2017 18:21
PRI-SQL-24.SurreyCC.local,SQL 2012 DB Average Wait Time is too high,13/09/2017 02:36,13/09/2017 02:56
PRI-SQL-24.SurreyCC.local,SQL 2012 DB Average Wait Time is too high,13/09/2017 10:56,14/09/2017 08:56
PRI-SQL-24.SurreyCC.local,SQL 2012 DB Average Wait Time is too high,14/09/2017 09:26,15/09/2017 10:21
PRI-SQL-24.SurreyCC.local,SQL 2012 DB Average Wait Time is too high,15/09/2017 21:41,15/09/2017 21:46
PRI-SQL-24.SurreyCC.local,SQL 2012 DB Average Wait Time is too high,16/09/2017 01:26,16/09/2017 02:51
PRI-SQL-24.SurreyCC.local,SQL 2012 DB Average Wait Time is too high,16/09/2017 06:46,16/09/2017 07:51
PRI-SQL-24.SurreyCC.local,SQL 2012 DB Average Wait Time is too high,16/09/2017 11:51,16/09/2017 12:16
PRI-SQL-24.SurreyCC.local,SQL 2012 DB Average Wait Time is too high,16/09/2017 20:21,16/09/2017 20:41
PRI-SQL-24.SurreyCC.local,SQL 2012 DB Average Wait Time is too high,17/09/2017 00:36,17/09/2017 01:51
PRI-SQL-24.SurreyCC.local,SQL 2012 DB Average Wait Time is too high,18/09/2017 02:26,18/09/2017 02:36
PRI-SQL-24.SurreyCC.local,SQL 2012 DB Average Wait Time is too high,18/09/2017 08:16,18/09/2017 09:06
PRI-SQL-24.SurreyCC.local,SQL 2012 DB Average Wait Time is too high,18/09/2017 13:21,18/09/2017 14:16
PRI-SQL-24.SurreyCC.local,SQL 2012 DB Average Wait Time is too high,18/09/2017 18:31,18/09/2017 18:51
PRI-SQL-24.SurreyCC.local,SQL 2012 DB Average Wait Time is too high,19/09/2017 03:01,19/09/2017 03:16
PRI-SQL-24.SurreyCC.local,SQL 2012 DB Average Wait Time is too high,19/09/2017 07:16,19/09/2017 09:01
PRI-SQL-24.SurreyCC.local,SQL 2012 DB Average Wait Time is too high,26/09/2017 23:50,27/09/2017 00:50
SEC-SQL-20.SurreyCC.local,SQL 2012 DB Average Wait Time is too high,01/09/2017 07:42,01/09/2017 08:17
SEC-SQL-20.SurreyCC.local,SQL 2012 DB Average Wait Time is too high,01/09/2017 09:02,01/09/2017 09:17
SEC-SQL-20.SurreyCC.local,SQL 2012 DB Average Wait Time is too high,01/09/2017 11:52,01/09/2017 11:57
SEC-SQL-20.SurreyCC.local,SQL 2012 DB Average Wait Time is too high,04/09/2017 07:07,04/09/2017 07:12
SEC-SQL-20.SurreyCC.local,SQL 2012 DB Average Wait Time is too high,04/09/2017 08:27,04/09/2017 08:47
SEC-SQL-20.SurreyCC.local,SQL 2012 DB Average Wait Time is too high,04/09/2017 10:22,04/09/2017 10:27
SEC-SQL-20.SurreyCC.local,SQL 2012 DB Average Wait Time is too high,04/09/2017 16:17,04/09/2017 16:32
SEC-SQL-20.SurreyCC.local,SQL 2012 DB Average Wait Time is too high,05/09/2017 09:57,05/09/2017 10:22
SEC-SQL-20.SurreyCC.local,SQL 2012 DB Average Wait Time is too high,05/09/2017 13:37,05/09/2017 14:02
SEC-SQL-20.SurreyCC.local,SQL 2012 DB Average Wait Time is too high,06/09/2017 07:12,06/09/2017 08:22
SEC-SQL-20.SurreyCC.local,SQL 2012 DB Average Wait Time is too high,06/09/2017 09:52,06/09/2017 10:17
SEC-SQL-20.SurreyCC.local,SQL 2012 DB Average Wait Time is too high,10/09/2017 01:37,10/09/2017 03:52
SEC-SQL-20.SurreyCC.local,SQL 2012 DB Average Wait Time is too high,10/09/2017 04:22,10/09/2017 08:07
SEC-SQL-20.SurreyCC.local,SQL 2012 DB Average Wait Time is too high,10/09/2017 08:37,10/09/2017 12:27
SEC-SQL-20.SurreyCC.local,SQL 2012 DB Average Wait Time is too high,10/09/2017 12:57,10/09/2017 16:22
SEC-SQL-20.SurreyCC.local,SQL 2012 DB Average Wait Time is too high,10/09/2017 16:52,10/09/2017 20:42
SEC-SQL-20.SurreyCC.local,SQL 2012 DB Average Wait Time is too high,10/09/2017 21:12,10/09/2017 23:32
SEC-SQL-20.SurreyCC.local,SQL 2012 DB Average Wait Time is too high,12/09/2017 08:12,12/09/2017 08:22
SEC-SQL-20.SurreyCC.local,SQL 2012 DB Average Wait Time is too high,14/09/2017 07:42,14/09/2017 07:52
SEC-SQL-20.SurreyCC.local,SQL 2012 DB Average Wait Time is too high,14/09/2017 08:37,14/09/2017 09:32
SEC-SQL-20.SurreyCC.local,SQL 2012 DB Average Wait Time is too high,14/09/2017 10:02,14/09/2017 10:07
SEC-SQL-20.SurreyCC.local,SQL 2012 DB Average Wait Time is too high,15/09/2017 09:12,15/09/2017 09:22
SEC-SQL-20.SurreyCC.local,SQL 2012 DB Average Wait Time is too high,15/09/2017 13:27,15/09/2017 13:57
SEC-SQL-20.SurreyCC.local,SQL 2012 DB Average Wait Time is too high,18/09/2017 08:02,18/09/2017 08:52
SEC-SQL-20.SurreyCC.local,SQL 2012 DB Average Wait Time is too high,18/09/2017 14:52,18/09/2017 14:57
SEC-SQL-20.SurreyCC.local,SQL 2012 DB Average Wait Time is too high,20/09/2017 07:26,20/09/2017 08:01
SEC-SQL-20.SurreyCC.local,SQL 2012 DB Average Wait Time is too high,20/09/2017 12:16,20/09/2017 12:26
SEC-SQL-20.SurreyCC.local,SQL 2012 DB Average Wait Time is too high,20/09/2017 14:36,20/09/2017 14:41
SEC-SQL-20.SurreyCC.local,SQL 2012 DB Average Wait Time is too high,20/09/2017 15:16,20/09/2017 15:31
SEC-SQL-20.SurreyCC.local,SQL 2012 DB Average Wait Time is too high,21/09/2017 08:46,21/09/2017 08:51
SEC-SQL-20.SurreyCC.local,SQL 2012 DB Average Wait Time is too high,21/09/2017 09:51,21/09/2017 10:16
SEC-SQL-20.SurreyCC.local,SQL 2012 DB Average Wait Time is too high,21/09/2017 12:46,21/09/2017 13:11
SEC-SQL-20.SurreyCC.local,SQL 2012 DB Average Wait Time is too high,22/09/2017 00:46,22/09/2017 00:51
SEC-SQL-20.SurreyCC.local,SQL 2012 DB Average Wait Time is too high,22/09/2017 10:31,22/09/2017 10:36
SEC-SQL-20.SurreyCC.local,SQL 2012 DB Average Wait Time is too high,25/09/2017 07:11,25/09/2017 07:21
SEC-SQL-20.SurreyCC.local,SQL 2012 DB Average Wait Time is too high,25/09/2017 07:56,25/09/2017 08:41
SEC-SQL-20.SurreyCC.local,SQL 2012 DB Average Wait Time is too high,25/09/2017 09:11,25/09/2017 09:21
SEC-SQL-20.SurreyCC.local,SQL 2012 DB Average Wait Time is too high,25/09/2017 10:31,25/09/2017 10:36
SEC-SQL-20.SurreyCC.local,SQL 2012 DB Average Wait Time is too high,25/09/2017 14:16,25/09/2017 14:26
SEC-SQL-20.SurreyCC.local,SQL 2012 DB Average Wait Time is too high,26/09/2017 07:56,26/09/2017 08:11
SEC-SQL-20.SurreyCC.local,SQL 2012 DB Average Wait Time is too high,26/09/2017 13:26,26/09/2017 13:31
SEC-SQL-20.SurreyCC.local,SQL 2012 DB Average Wait Time is too high,26/09/2017 22:26,26/09/2017 22:36
SEC-SQL-20.SurreyCC.local,SQL 2012 DB Average Wait Time is too high,27/09/2017 06:56,27/09/2017 07:11
SEC-SQL-20.SurreyCC.local,SQL 2012 DB Average Wait Time is too high,27/09/2017 07:41,27/09/2017 08:06
SEC-SQL-20.SurreyCC.local,SQL 2012 DB Average Wait Time is too high,27/09/2017 12:41,27/09/2017 12:46
SEC-SQL-20.SurreyCC.local,SQL 2012 DB Average Wait Time is too high,28/09/2017 14:56,28/09/2017 15:01
SEC-SQL-20.SurreyCC.local,SQL 2012 DB Average Wait Time is too high,29/09/2017 08:01,29/09/2017 08:06
SEC-SQL-20.SurreyCC.local,SQL 2012 DB Average Wait Time is too high,29/09/2017 22:46,29/09/2017 22:51
